{
   "ESP_011289_1950_RED-0146.jpg7957":{
      "fileref":"",
      "size":7957,
      "filename":"ESP_011289_1950_RED-0146.jpg",
      "base64_img_data":"",
      "file_attributes":{

      },
      "regions":{
         "0":{
            "shape_attributes":{
               "name":"polygon",
               "all_points_x":[
                  124,
                  137,
                  142,
                  142,
                  133,
                  124,
                  118,
                  117,
                  124
               ],
               "all_points_y":[
                  70,
                  68,
                  79,
                  88,
                  92,
                  92,
                  84,
                  73,
                  70
               ]
            },
            "region_attributes":{
               "anomaly": "1"
            }
         }
      }
   },
   "ESP_011289_1950_RED-0201.jpg6810":{
      "fileref":"",
      "size":6810,
      "filename":"ESP_011289_1950_RED-0201.jpg",
      "base64_img_data":"",
      "file_attributes":{

      },
      "regions":{
         "0":{
            "shape_attributes":{
               "name":"polygon",
               "all_points_x":[
                  113,
                  148,
                  146,
                  138,
                  97,
                  87,
                  113
               ],
               "all_points_y":[
                  141,
                  143,
                  109,
                  90,
                  89,
                  119,
                  141
               ]
            },
            "region_attributes":{
               "anomaly": "1"
            }
         }
      }
   },
   "ESP_011289_1950_RED-0208.jpg5389":{
      "fileref":"",
      "size":5389,
      "filename":"ESP_011289_1950_RED-0208.jpg",
      "base64_img_data":"",
      "file_attributes":{

      },
      "regions":{
         "0":{
            "shape_attributes":{
               "name":"polygon",
               "all_points_x":[
                  126,
                  108,
                  112,
                  144,
                  163,
                  166,
                  139,
                  126
               ],
               "all_points_y":[
                  95,
                  119,
                  145,
                  160,
                  134,
                  111,
                  92,
                  95
               ]
            },
            "region_attributes":{
               "anomaly": "1"
            }
         }
      }
   },
   "ESP_011289_1950_RED-0233.jpg6730":{
      "fileref":"",
      "size":6730,
      "filename":"ESP_011289_1950_RED-0233.jpg",
      "base64_img_data":"",
      "file_attributes":{

      },
      "regions":{
         "0":{
            "shape_attributes":{
               "name":"polygon",
               "all_points_x":[
                  78,
                  112,
                  125,
                  164,
                  195,
                  199,
                  154,
                  129,
                  107,
                  74,
                  37,
                  28,
                  78
               ],
               "all_points_y":[
                  153,
                  128,
                  110,
                  149,
                  128,
                  83,
                  73,
                  92,
                  92,
                  83,
                  95,
                  132,
                  153
               ]
            },
            "region_attributes":{
               "anomaly": "1"
            }
         }
      }
   },
   "ESP_011386_2065_RED-0062.jpg17006":{
      "fileref":"",
      "size":17006,
      "filename":"ESP_011386_2065_RED-0062.jpg",
      "base64_img_data":"",
      "file_attributes":{

      },
      "regions":{
         "0":{
            "shape_attributes":{
               "name":"polygon",
               "all_points_x":[
                  167,
                  178,
                  151,
                  100,
                  63,
                  46,
                  55,
                  74,
                  107,
                  152,
                  167
               ],
               "all_points_y":[
                  152,
                  111,
                  66,
                  47,
                  74,
                  109,
                  137,
                  161,
                  166,
                  169,
                  152
               ]
            },
            "region_attributes":{
               "anomaly": "1"
            }
         }
      }
   },
   "ESP_011386_2065_RED-0067.jpg14542":{
      "fileref":"",
      "size":14542,
      "filename":"ESP_011386_2065_RED-0067.jpg",
      "base64_img_data":"",
      "file_attributes":{

      },
      "regions":{
         "0":{
            "shape_attributes":{
               "name":"polygon",
               "all_points_x":[
                  152,
                  164,
                  165,
                  145,
                  109,
                  68,
                  59,
                  61,
                  93,
                  129,
                  152
               ],
               "all_points_y":[
                  150,
                  126,
                  94,
                  58,
                  63,
                  78,
                  98,
                  143,
                  166,
                  181,
                  150
               ]
            },
            "region_attributes":{
               "anomaly": "1"
            }
         }
      }
   },
   "ESP_011386_2065_RED-0074.jpg13728":{
      "fileref":"",
      "size":13728,
      "filename":"ESP_011386_2065_RED-0074.jpg",
      "base64_img_data":"",
      "file_attributes":{

      },
      "regions":{
         "0":{
            "shape_attributes":{
               "name":"polygon",
               "all_points_x":[
                  156,
                  167,
                  135,
                  89,
                  75,
                  83,
                  117,
                  156
               ],
               "all_points_y":[
                  148,
                  109,
                  75,
                  80,
                  115,
                  147,
                  163,
                  148
               ]
            },
            "region_attributes":{
               "anomaly": "1"
            }
         }
      }
   },
   "ESP_011386_2065_RED-0076.jpg12462":{
      "fileref":"",
      "size":12462,
      "filename":"ESP_011386_2065_RED-0076.jpg",
      "base64_img_data":"",
      "file_attributes":{

      },
      "regions":{
         "0":{
            "shape_attributes":{
               "name":"polygon",
               "all_points_x":[
                  113,
                  159,
                  196,
                  210,
                  193,
                  147,
                  93,
                  72,
                  85,
                  91,
                  113
               ],
               "all_points_y":[
                  150,
                  152,
                  139,
                  101,
                  33,
                  16,
                  25,
                  72,
                  113,
                  147,
                  150
               ]
            },
            "region_attributes":{
               "anomaly": "1"
            }
         }
      }
   },
   "ESP_011386_2065_RED-0085.jpg10058":{
      "fileref":"",
      "size":10058,
      "filename":"ESP_011386_2065_RED-0085.jpg",
      "base64_img_data":"",
      "file_attributes":{

      },
      "regions":{
         "0":{
            "shape_attributes":{
               "name":"polygon",
               "all_points_x":[
                  96,
                  124,
                  124,
                  84,
                  44,
                  43,
                  51,
                  96
               ],
               "all_points_y":[
                  172,
                  149,
                  110,
                  80,
                  99,
                  135,
                  165,
                  172
               ]
            },
            "region_attributes":{
               "anomaly": "1"
            }
         }
      }
   },
   "ESP_011386_2065_RED-0092.jpg9414":{
      "fileref":"",
      "size":9414,
      "filename":"ESP_011386_2065_RED-0092.jpg",
      "base64_img_data":"",
      "file_attributes":{

      },
      "regions":{
         "0":{
            "shape_attributes":{
               "name":"polygon",
               "all_points_x":[
                  167,
                  201,
                  192,
                  138,
                  108,
                  101,
                  126,
                  167
               ],
               "all_points_y":[
                  144,
                  108,
                  57,
                  46,
                  78,
                  113,
                  139,
                  144
               ]
            },
            "region_attributes":{
               "anomaly": "1"
            }
         }
      }
   },
   "ESP_011425_1775_RED-0060.jpg10390":{
      "fileref":"",
      "size":10390,
      "filename":"ESP_011425_1775_RED-0060.jpg",
      "base64_img_data":"",
      "file_attributes":{

      },
      "regions":{
         "0":{
            "shape_attributes":{
               "name":"polygon",
               "all_points_x":[
                  139,
                  144,
                  138,
                  113,
                  82,
                  139
               ],
               "all_points_y":[
                  130,
                  102,
                  76,
                  63,
                  92,
                  130
               ]
            },
            "region_attributes":{
               "anomaly": "1"
            }
         }
      }
   },
   "ESP_012494_2050_RED-0164.jpg20405":{
      "fileref":"",
      "size":20405,
      "filename":"ESP_012494_2050_RED-0164.jpg",
      "base64_img_data":"",
      "file_attributes":{

      },
      "regions":{
         "0":{
            "shape_attributes":{
               "name":"polygon",
               "all_points_x":[
                  146,
                  153,
                  139,
                  123,
                  133,
                  146
               ],
               "all_points_y":[
                  103,
                  86,
                  74,
                  80,
                  104,
                  103
               ]
            },
            "region_attributes":{
               "anomaly": "1"
            }
         }
      }
   },
   "ESP_012560_1660_RED-0038.jpg18176":{
      "fileref":"",
      "size":18176,
      "filename":"ESP_012560_1660_RED-0038.jpg",
      "base64_img_data":"",
      "file_attributes":{

      },
      "regions":{
         "0":{
            "shape_attributes":{
               "name":"polygon",
               "all_points_x":[
                  84,
                  94,
                  86,
                  71,
                  70,
                  84
               ],
               "all_points_y":[
                  110,
                  93,
                  84,
                  86,
                  99,
                  110
               ]
            },
            "region_attributes":{
               "anomaly": "1"
            }
         }
      }
   },
   "ESP_012560_1660_RED-0054.jpg19972":{
      "fileref":"",
      "size":19972,
      "filename":"ESP_012560_1660_RED-0054.jpg",
      "base64_img_data":"",
      "file_attributes":{

      },
      "regions":{
         "0":{
            "shape_attributes":{
               "name":"polygon",
               "all_points_x":[
                  133,
                  138,
                  116,
                  103,
                  108,
                  133
               ],
               "all_points_y":[
                  133,
                  120,
                  105,
                  120,
                  145,
                  133
               ]
            },
            "region_attributes":{
               "anomaly": "1"
            }
         }
      }
   },
   "ESP_012588_1855_RED-0228.jpg23019":{
      "fileref":"",
      "size":23019,
      "filename":"ESP_012588_1855_RED-0228.jpg",
      "base64_img_data":"",
      "file_attributes":{

      },
      "regions":{
         "0":{
            "shape_attributes":{
               "name":"polygon",
               "all_points_x":[
                  190,
                  165,
                  147,
                  151,
                  173,
                  190,
                  190
               ],
               "all_points_y":[
                  34,
                  43,
                  20,
                  6,
                  5,
                  14,
                  34
               ]
            },
            "region_attributes":{
               "anomaly": "1"
            }
         }
      }
   },
   "ESP_012588_1855_RED-0310.jpg22742":{
      "fileref":"",
      "size":22742,
      "filename":"ESP_012588_1855_RED-0310.jpg",
      "base64_img_data":"",
      "file_attributes":{

      },
      "regions":{
         "0":{
            "shape_attributes":{
               "name":"polygon",
               "all_points_x":[
                  61,
                  42,
                  34,
                  41,
                  57,
                  61
               ],
               "all_points_y":[
                  143,
                  149,
                  132,
                  114,
                  135,
                  143
               ]
            },
            "region_attributes":{
               "anomaly": "1"
            }
         }
      }
   },
   "ESP_012588_1855_RED-0322.jpg24141":{
      "fileref":"",
      "size":24141,
      "filename":"ESP_012588_1855_RED-0322.jpg",
      "base64_img_data":"",
      "file_attributes":{

      },
      "regions":{
         "0":{
            "shape_attributes":{
               "name":"polygon",
               "all_points_x":[
                  119,
                  102,
                  100,
                  113,
                  129,
                  119
               ],
               "all_points_y":[
                  106,
                  102,
                  77,
                  79,
                  89,
                  106
               ]
            },
            "region_attributes":{
               "anomaly": "1"
            }
         }
      }
   },
   "ESP_013024_2265_RED-0164.jpg22343":{
      "fileref":"",
      "size":22343,
      "filename":"ESP_013024_2265_RED-0164.jpg",
      "base64_img_data":"",
      "file_attributes":{

      },
      "regions":{
         "0":{
            "shape_attributes":{
               "name":"polygon",
               "all_points_x":[
                  115,
                  72,
                  53,
                  70,
                  94,
                  130,
                  115
               ],
               "all_points_y":[
                  128,
                  128,
                  113,
                  88,
                  98,
                  113,
                  128
               ]
            },
            "region_attributes":{
               "anomaly": "1"
            }
         }
      }
   },
   "ESP_013161_1715_RED-0058.jpg13102":{
      "fileref":"",
      "size":13102,
      "filename":"ESP_013161_1715_RED-0058.jpg",
      "base64_img_data":"",
      "file_attributes":{

      },
      "regions":{
         "0":{
            "shape_attributes":{
               "name":"polygon",
               "all_points_x":[
                  121,
                  121,
                  127,
                  118,
                  115,
                  112,
                  121
               ],
               "all_points_y":[
                  166,
                  143,
                  110,
                  110,
                  129,
                  163,
                  166
               ]
            },
            "region_attributes":{
               "anomaly": "1"
            }
         }
      }
   },
   "ESP_013161_1715_RED-0065.jpg19007":{
      "fileref":"",
      "size":19007,
      "filename":"ESP_013161_1715_RED-0065.jpg",
      "base64_img_data":"",
      "file_attributes":{

      },
      "regions":{
         "0":{
            "shape_attributes":{
               "name":"polygon",
               "all_points_x":[
                  115,
                  121,
                  111,
                  90,
                  86,
                  93,
                  106,
                  115
               ],
               "all_points_y":[
                  141,
                  123,
                  111,
                  108,
                  126,
                  139,
                  146,
                  141
               ]
            },
            "region_attributes":{
               "anomaly": "1"
            }
         }
      }
   }
}